time,temperature_2m_max (°C),temperature_2m_min (°C),wind_speed_10m_mean (km/h),surface_pressure_mean (hPa),dew_point_2m_mean (°C),relative_humidity_2m_mean (%)
1/1/2022,19.4,8.9,4.2,965.5,9.3,76
1/2/2022,20.4,7.8,4.1,963.8,8.5,73
1/3/2022,20.4,9,4.6,962.5,8.7,72
1/4/2022,19.6,8.8,4.1,963.2,9.4,73
1/5/2022,20.3,9.3,4.2,963,10.2,72
1/6/2022,19.9,12.7,4.7,962.8,11.6,77
1/7/2022,19.7,13,4.2,963.5,12.1,77
1/8/2022,20.9,13.4,4.2,962.6,11.5,69
1/9/2022,21.4,12.4,4.7,960.9,10.6,69
1/10/2022,21.6,12.1,4.2,962.1,10.7,70
1/11/2022,22.3,10.9,4.3,961.4,10.9,73
1/12/2022,20,9,5,961.3,10.2,81
1/13/2022,18.6,9,4.8,961.8,8.9,75
1/14/2022,18.4,8.1,3.8,962.5,9,76
1/15/2022,18.3,7.2,4.9,962.8,8.7,81
1/16/2022,19.5,7.4,4.8,964.1,9,76
1/17/2022,20.1,9.3,4.1,964.3,9.1,73
1/18/2022,20.5,9.2,4.4,961.6,8.1,68
1/19/2022,20.8,9.7,5,959.2,8,69
1/20/2022,18.3,10.4,3.6,957.5,9.6,77
1/21/2022,17.9,8.5,3.8,958,8.2,73
1/22/2022,18.3,7.6,4,957,9.1,76
1/23/2022,18.7,8,7.2,957.9,10.1,80
1/24/2022,17.5,8.9,4.4,958.2,9.1,76
1/25/2022,18.2,9.5,4.7,958.9,10.8,83
1/26/2022,14.7,6.8,4.9,959.7,9.6,91
1/27/2022,16.2,5.6,5,959.4,7.4,80
1/28/2022,15.4,5.8,5.2,961,7.7,80
1/29/2022,16.9,6.4,4.5,959.9,7.6,79
1/30/2022,16.1,7.5,6.8,957.5,9,83
1/31/2022,18.4,7.6,4.6,957.5,8.6,76
2/1/2022,17.3,6.9,5.1,955.4,7.7,76
2/2/2022,17.4,7.9,7.9,959.1,8.1,77
2/3/2022,18.8,7.9,11.4,958.2,7.5,65
2/4/2022,15.4,10.2,4.5,956.6,9.8,86
2/5/2022,14.7,6.1,4.1,958.3,7.9,83
2/6/2022,18,6.4,4.2,961.2,8,76
2/7/2022,17.4,7.2,4.4,960.6,10,82
2/8/2022,17.4,8.1,4.6,960,10,83
2/9/2022,19.6,7.9,5,960.9,9.9,76
2/10/2022,19.8,10.5,6.2,959.9,8.3,65
2/11/2022,17.7,6.3,5.3,958.8,9.1,81
2/12/2022,19.5,7.3,4.8,959.8,10.1,80
2/13/2022,19.5,8.1,5.3,959.4,10.1,80
2/14/2022,20.7,9.2,4.3,959.6,11,77
2/15/2022,21.4,9.9,5.3,958.1,10,73
2/16/2022,21.2,10.2,5.3,955.8,9.7,73
2/17/2022,20.4,10,5.7,956.4,10.2,74
2/18/2022,21.2,9,5.5,957.9,11.1,79
2/19/2022,21.3,8.8,5.7,956.2,9.3,72
2/20/2022,19.1,9.9,5.8,953.2,8.1,70
2/21/2022,19.4,8.2,5.3,955.8,7.6,69
2/22/2022,19.7,9.1,6.1,962,9.4,72
2/23/2022,21.9,9.8,4.7,963.2,10.6,69
2/24/2022,23.5,12.2,5.7,962.5,11.4,69
2/25/2022,21.1,11.8,5.2,963.2,11,71
2/26/2022,22.7,11.4,4.9,963.9,9.9,67
2/27/2022,24.3,12.4,5.3,961.5,9.4,59
2/28/2022,24.6,11.7,6.1,960.8,9.5,62
3/1/2022,24.2,12.2,5.2,962.4,10.5,64
3/2/2022,24,12.8,5.2,961.9,11.8,70
3/3/2022,25.4,13.2,6.8,961.5,12.3,67
3/4/2022,26.3,12.9,7.9,959.1,9,56
3/5/2022,26.3,12.1,5,958.6,9.9,57
3/6/2022,26.1,13.9,4.6,961.2,12.2,62
3/7/2022,29.2,14.8,4.5,961,13.5,63
3/8/2022,29.4,15.8,5,959,12.8,57
3/9/2022,28.8,16.4,4.9,959,13.5,59
3/10/2022,28.9,16.3,4.2,958.8,13.5,61
3/11/2022,29.6,15.4,5.4,957.8,12.3,57
3/12/2022,29.6,16.3,4.6,957.6,12.5,56
3/13/2022,29.9,16.5,5.2,958.5,13.3,58
3/14/2022,30.5,16.5,4.4,957.9,13.9,57
3/15/2022,31.1,17.3,4.6,955,16,63
3/16/2022,30.4,17.6,4.7,954.6,16.5,65
3/17/2022,31.2,18.4,6.6,956.6,14.8,56
3/18/2022,33.3,19,4.7,956.3,16.5,57
3/19/2022,32.9,19.7,5.9,954,16.8,58
3/20/2022,32.6,19.8,6.2,953.4,15.6,55
3/21/2022,30.8,20.1,4.9,954.5,15.4,55
3/22/2022,31.2,19.9,6.3,955.5,17.1,64
3/23/2022,30.6,18.3,5.3,955,15.7,59
3/24/2022,30.5,17.9,5.4,953.3,13.8,53
3/25/2022,32.5,19,7.7,953.7,10.2,42
3/26/2022,31.2,18.1,6.2,954.8,11.6,46
3/27/2022,30.4,19,7.8,957.3,13,49
3/28/2022,31.6,20.6,5.9,956.1,15.4,54
3/29/2022,29,20.1,6.6,955.6,18.4,69
3/30/2022,27.9,21,6.6,956.8,18.9,75
3/31/2022,27.6,19.9,6.1,956.2,19.6,80
4/1/2022,29.4,20,5.2,956.2,19.8,73
4/2/2022,29.3,19.7,5.7,959,20.5,81
4/3/2022,28.6,21.3,4.5,956.5,19.1,72
4/4/2022,31.3,20.4,5.9,956.8,17.4,62
4/5/2022,32.9,20.7,6.4,959,16.4,55
4/6/2022,32.7,21.5,7.1,959.3,17.1,58
4/7/2022,29.7,19.8,6.5,959.1,19.5,72
4/8/2022,30.1,20.3,5.4,957,18.8,68
4/9/2022,30.5,19.1,4.3,956,18.7,73
4/10/2022,27.8,19.9,3.4,954.6,19.1,77
4/11/2022,29.4,21.1,4.4,954.8,20.2,76
4/12/2022,29.1,21.3,6.2,955,20.1,75
4/13/2022,30,22,5.2,952.8,20,71
4/14/2022,33.4,20.2,7.2,951,16.1,54
4/15/2022,33.1,20.3,6.2,951.1,10.9,37
4/16/2022,34.4,19,6.8,951.1,7.7,31
4/17/2022,34.4,20,7.3,952.9,9.8,35
4/18/2022,33.6,21.6,7.8,955.7,16.5,55
4/19/2022,31.7,22.3,7.2,956.5,18.6,62
4/20/2022,29.1,20.7,5.7,956.6,19.3,72
4/21/2022,30.3,21.2,5,956.2,18.5,65
4/22/2022,30.6,20.5,5.9,955.7,17.9,64
4/23/2022,33.2,19.7,7,954,14.6,49
4/24/2022,34.1,19.2,6.7,951.9,11.5,39
4/25/2022,33.3,20.9,6.5,952.8,13.5,44
4/26/2022,33.2,21.9,6.2,953.9,14.7,47
4/27/2022,33.3,21.4,6.1,954.1,16.1,52
4/28/2022,32.6,22.4,5.8,956,18.4,59
4/29/2022,30.7,22,5.1,953.8,18.8,65
4/30/2022,26.9,20.5,4.9,954.3,19.1,75
5/1/2022,29.5,20.6,5.4,954,18.8,72
5/2/2022,29.7,19.4,5.6,954.2,18.7,74
5/3/2022,29.9,21.5,7.6,955.5,19,69
5/4/2022,27.8,21.4,6,957.1,19.6,76
5/5/2022,28,21.4,7.1,956.3,19.3,76
5/6/2022,28.2,20.5,5,956,19.1,75
5/7/2022,30.2,20.7,5,955.8,19.5,72
5/8/2022,30.3,21.4,5.8,955.1,18.5,65
5/9/2022,31.4,22,7.7,954.9,18.1,61
5/10/2022,30.2,22.2,5.8,954.5,20.9,72
5/11/2022,31.4,23.2,5.3,952.7,20.9,69
5/12/2022,32.2,23.1,4.6,951,21.6,73
5/13/2022,30.3,23.1,4.8,948.7,21.7,76
5/14/2022,30.3,23.1,4.4,950.2,22.6,81
5/15/2022,32,23.2,4.8,951.8,21.9,73
5/16/2022,30.3,22.7,5.4,951.3,22.3,78
5/17/2022,33.1,22.6,5,951.3,22.4,74
5/18/2022,34.4,23.5,4.5,952.4,21,67
5/19/2022,32.2,22.8,5.5,952,20.4,64
5/20/2022,32.7,22.1,4.9,950.7,21.3,76
5/21/2022,29,21.2,5.3,948.1,21,80
5/22/2022,29.5,19.6,5.6,948.1,19.9,77
5/23/2022,29.7,21.2,4.4,950.6,18.1,65
5/24/2022,30.4,22.3,3.8,953.8,19.7,69
5/25/2022,29.8,21.2,4.5,953.7,18.8,69
5/26/2022,30,21.1,3.5,951.8,18.3,67
5/27/2022,31.3,21.4,4.3,949.9,19,64
5/28/2022,30.2,22,3.9,950.1,19.8,70
5/29/2022,28.5,22.8,5.5,950.8,21.9,84
5/30/2022,29.3,22.7,5.5,951.1,22.1,80
5/31/2022,30.5,22.4,4.6,950.6,21.9,76
6/1/2022,30.4,23.2,4.6,950.9,22.1,76
6/2/2022,30.7,23.1,3.8,950.3,23.1,81
6/3/2022,31.5,23.6,4.5,950.2,22.3,74
6/4/2022,31.7,23.4,4.8,950.6,22.5,74
6/5/2022,30.6,24.2,5.3,951.3,22.7,77
6/6/2022,30.5,23.7,4.5,950.9,23.2,81
6/7/2022,31.6,24.7,4.1,950.2,23.3,78
6/8/2022,30.6,24,3.5,949.2,23.1,81
6/9/2022,30.8,23.4,4,949.5,23.8,84
6/10/2022,32.4,23.8,4.3,949.4,23.3,79
6/11/2022,30.9,23.8,4.2,950,23.4,82
6/12/2022,30.4,23.3,4.6,951.4,23.4,86
6/13/2022,32.1,23.2,4.7,951.1,22.7,77
6/14/2022,31.2,24.2,4.9,950.4,23.6,82
6/15/2022,29.8,23.2,4.1,950.2,23.6,85
6/16/2022,30.1,23.6,4.8,951,23.1,83
6/17/2022,30.8,22.8,5.1,950.6,22.7,82
6/18/2022,30.6,22.7,5,951,22.7,82
6/19/2022,30.8,22.7,4.5,949.9,22.6,79
6/20/2022,30.8,22.1,3.9,948.9,23.2,86
6/21/2022,29,22.6,4.4,950.3,23,87
6/22/2022,29.3,23.8,4.9,953.5,23.2,83
6/23/2022,30.2,23.8,4.6,953.1,23.8,84
6/24/2022,30.2,24.5,6.4,951.7,23.7,84
6/25/2022,29.9,24.5,8.4,951.2,23.4,81
6/26/2022,29.8,24.2,7.1,953.2,23.6,83
6/27/2022,29.6,24.3,4.7,952.8,23.9,87
6/28/2022,27.7,23.7,6.5,950,23.7,93
6/29/2022,25,23.4,8.7,950.2,23,93
6/30/2022,27.6,22.9,4,950.5,23.2,91
7/1/2022,29.9,23.9,4.5,949.7,24.1,86
7/2/2022,29.4,23.9,5.3,949.3,23.8,87
7/3/2022,31,24.9,4.7,950,24.4,84
7/4/2022,30.7,24.9,5.4,949.5,24.4,83
7/5/2022,31.6,26.2,5.2,950.5,24.6,81
7/6/2022,31.4,24.3,7.8,954,24.3,82
7/7/2022,31.1,24.7,4.3,953.5,24.4,82
7/8/2022,30.5,24.5,6.8,951.6,24.1,81
7/9/2022,30.2,24.4,5.8,950.5,23.6,83
7/10/2022,30.5,25,4.9,950.7,23.8,80
7/11/2022,31.9,25.1,5.8,951.4,23.9,78
7/12/2022,32,25.5,3.9,950.3,24.2,80
7/13/2022,31.7,25.4,5.1,948.9,24.3,79
7/14/2022,32.9,25.3,7.6,949.7,23.9,76
7/15/2022,32.4,25.3,5.2,951.3,24.6,78
7/16/2022,32.2,25.4,6.8,952.3,24.2,78
7/17/2022,32.4,25.3,7.6,953.3,24.2,76
7/18/2022,31,25.4,7.9,952,24,78
7/19/2022,30.3,24.9,5.5,950.4,24.1,83
7/20/2022,30.6,24.3,6.7,951.1,23.8,85
7/21/2022,28.5,24.1,4.3,952.8,23.9,87
7/22/2022,29.2,25,4.9,954,24.1,84
7/23/2022,30.4,24.8,5,953.4,23.9,79
7/24/2022,28.5,23.3,7.5,954.5,23,83
7/25/2022,29.2,23.4,8.8,956.4,22.7,80
7/26/2022,29.2,23.2,7.1,956.5,23.2,84
7/27/2022,29.5,22.7,4.8,955.9,23.6,87
7/28/2022,29.2,23.5,3.9,956,23.7,87
7/29/2022,28.4,23.5,4.2,954.7,24,92
7/30/2022,28.6,23.3,4,952.2,24,92
7/31/2022,27,23.7,4.9,950.6,24,95
8/1/2022,26,23.6,4.5,951,23.9,95
8/2/2022,26.9,23.3,4.5,951.8,23.6,94
8/3/2022,29.1,24,6,953.3,23.6,86
8/4/2022,29.9,23.6,5.4,953.7,24,86
8/5/2022,30.6,23.9,3.9,951.1,24.3,84
8/6/2022,29.7,24.5,4.6,950.1,24.1,86
8/7/2022,30.8,24.8,4.1,949.7,23.9,81
8/8/2022,30.4,24.7,4.6,949.4,24.7,85
8/9/2022,31.2,24.1,5.3,949,24.6,83
8/10/2022,29.1,24.1,6.9,949.2,23.8,83
8/11/2022,30.3,24.1,8.8,951,23.3,81
8/12/2022,31,24.1,6.3,950.6,24,83
8/13/2022,31.3,24.5,4.9,949.9,24.6,83
8/14/2022,30.3,23.5,5.3,952.5,23.6,85
8/15/2022,30.2,23.7,12.6,954.7,22.8,77
8/16/2022,30.6,24,5.9,954.4,23.4,80
8/17/2022,31.4,24.1,5.9,952.2,23.5,81
8/18/2022,31.8,23.9,4.5,950.2,24.3,82
8/19/2022,28.7,24.7,4.7,951.7,23.5,82
8/20/2022,30.5,24.1,5.4,951.6,23.4,79
8/21/2022,30.8,24.4,9.7,951.1,22.8,77
8/22/2022,31.4,23.9,7.4,951.2,23.2,79
8/23/2022,31,24.2,4.3,954.1,24.4,85
8/24/2022,30.6,24.3,4.3,955.1,24.1,84
8/25/2022,28.9,24,5.7,953.8,24.1,88
8/26/2022,30.7,24.8,4.3,952.4,23.4,78
8/27/2022,30.5,23.7,3.5,951.9,24.3,88
8/28/2022,27.4,23.4,5.4,954.5,23.7,93
8/29/2022,28.8,23.3,3.6,957.2,24.2,90
8/30/2022,28.9,22.8,3.1,956.6,23.8,89
8/31/2022,27.4,23.4,2.8,954.9,23.9,92
9/1/2022,26.7,23.7,2.7,956,23.2,91
9/2/2022,28.7,23.1,4,955.5,23.8,92
9/3/2022,28,22.8,4.1,952.5,23.6,91
9/4/2022,28.3,22.7,3.5,953,23.5,90
9/5/2022,29.3,23,4,954,23.6,88
9/6/2022,28.4,23,5.1,955.7,23.5,90
9/7/2022,29.4,23.6,4.4,957.5,23,84
9/8/2022,30.1,23.5,4.7,958.3,22.8,81
9/9/2022,29.8,24,3.5,957.8,23,82
9/10/2022,30.7,24.1,3.6,956.4,22,73
9/11/2022,30.8,23.3,5.3,954.2,22.8,80
9/12/2022,28.9,22.7,8.2,953.5,22.6,85
9/13/2022,28.6,21.8,6.2,954.9,22.2,85
9/14/2022,27.6,22.6,9.9,955.8,22.2,83
9/15/2022,27.1,22.6,6.6,953.5,22.8,91
9/16/2022,28.5,22.6,5.6,951.2,22.7,89
9/17/2022,26.4,22.4,4.5,953.1,22.9,90
9/18/2022,29.7,22.8,4.2,954.1,22.7,85
9/19/2022,30.7,23.4,4,955,23.3,83
9/20/2022,28.9,23.4,5.2,954.7,23.1,83
9/21/2022,29.2,23.8,7,954.8,23.4,85
9/22/2022,29.4,22.7,6.1,955,23.1,84
9/23/2022,29.1,22.3,5.2,954.6,23.1,86
9/24/2022,28.6,21.7,4,954.7,23,89
9/25/2022,28.8,22.2,3.8,956.3,22.8,89
9/26/2022,26.7,21.2,3.3,956.4,22.5,89
9/27/2022,27.9,21.4,3.3,955.2,22,85
9/28/2022,28.4,21.6,3.7,954.5,21.7,82
9/29/2022,29,21.7,3.4,955.1,22.4,85
9/30/2022,29.2,22.9,3.8,954.9,21.9,82
10/1/2022,29.4,22.6,4.5,953.9,21.5,77
10/2/2022,31.5,22.6,3.2,953.9,21.5,74
10/3/2022,32,22.8,4.3,956.1,22.3,78
10/4/2022,25.8,22.8,4.3,958.4,22.7,91
10/5/2022,27.5,22.8,5.9,958.8,22.3,87
10/6/2022,27.3,21,3.3,959.3,21.3,88
10/7/2022,28,22.7,2.8,959.2,21.8,82
10/8/2022,28.4,21.3,4.4,958.6,21.1,79
10/9/2022,28.9,22.7,4,960.1,21.5,77
10/10/2022,27.7,22.4,4.3,959.5,21.5,82
10/11/2022,26.5,20.6,4.6,957.9,20.4,80
10/12/2022,27,19.5,3.8,958.8,20.8,86
10/13/2022,27.3,18.8,3.3,959.4,20.1,81
10/14/2022,27,17.4,4.4,958.9,18.8,82
10/15/2022,27.4,17.2,5,959.2,18.5,80
10/16/2022,27.8,16.7,5.1,961.2,17.9,79
10/17/2022,27.6,16.3,3.5,960.7,14.5,65
10/18/2022,26.3,15.6,4.5,959.8,15.1,71
10/19/2022,26.1,17.3,3.7,960.2,15,68
10/20/2022,26.6,16.9,3.8,962,15.1,69
10/21/2022,27.3,16.5,3.9,963.2,14.1,63
10/22/2022,27.9,14.7,4.2,963.4,13,61
10/23/2022,31.3,17.2,4.8,960.1,12.1,51
10/24/2022,28.1,17.6,4.5,956.4,16.9,71
10/25/2022,26.6,14.9,4.9,957.1,17.2,81
10/26/2022,26.1,15.3,4.7,960.8,16.5,79
10/27/2022,26.1,16.1,4.4,961.1,16.1,76
10/28/2022,25.8,16.1,4,960.7,14.9,72
10/29/2022,26.9,16.8,4.3,961.2,15.4,70
10/30/2022,27.4,16.1,4.1,961,14.2,66
10/31/2022,27.7,16.6,4.1,961.4,12.7,58
11/1/2022,27.4,16,4.5,961.6,12.1,59
11/2/2022,27.3,15.2,4.9,959.3,13,64
11/3/2022,26.7,15.4,3.7,960,14.7,69
11/4/2022,27.1,16.7,3.5,962,15.9,73
11/5/2022,27.4,16.9,4,963.7,16.2,73
11/6/2022,26.7,16,3.7,963.1,15.4,71
11/7/2022,26.1,16.1,5.2,962.6,14.4,69
11/8/2022,25.1,16.7,3.8,962.9,15.7,73
11/9/2022,25.1,16.5,3.2,962.9,15.5,73
11/10/2022,24.9,15.5,3.8,962.7,15.3,73
11/11/2022,24.9,14.6,4.1,961.8,15.1,78
11/12/2022,24.7,12.6,4.7,960.9,14,77
11/13/2022,23.8,12.7,4.8,961.4,13.7,78
11/14/2022,23.7,12.6,5.1,962,12.6,70
11/15/2022,24.6,14.5,4.4,960.6,12.8,70
11/16/2022,24.3,14.2,4.9,959.4,13.7,73
11/17/2022,23.8,12,5.5,959.8,12.8,76
11/18/2022,23.2,12.5,3.9,962.2,12.5,73
11/19/2022,25.1,13.9,3.8,961.2,12.8,66
11/20/2022,25,13,4.3,959.6,12.3,69
11/21/2022,23.9,12.8,5,958.7,10,60
11/22/2022,23.8,12.2,4.7,959.3,11.9,69
11/23/2022,23,11.3,4.5,959.5,12.8,77
11/24/2022,24.1,10.9,4,960.9,11.5,68
11/25/2022,26.6,13.9,3.6,960.6,10.4,58
11/26/2022,25.2,13.3,4.9,958.9,12.2,64
11/27/2022,24.8,12.7,3.8,957.7,12.8,73
11/28/2022,24.2,12.5,3.9,959.8,13.3,76
11/29/2022,24.7,12.7,4.3,961.1,12.9,73
11/30/2022,24.7,11.9,4.7,961.4,12.1,72
12/1/2022,23.7,12.6,3.9,960.7,11.2,66
12/2/2022,23.4,11.9,3.9,960.5,11.3,68
12/3/2022,23.9,12.2,4,960.5,11.6,68
12/4/2022,23.8,12,4.5,961.1,11.8,70
12/5/2022,23.6,11.8,5.2,961.5,10.7,69
12/6/2022,23,11,4.9,960.1,10.8,70
12/7/2022,22.5,11.5,4.4,960,10.3,69
12/8/2022,23.9,11.4,4.1,960.8,10.2,66
12/9/2022,23.4,11.8,4.1,960.2,10.6,66
12/10/2022,23.8,11.1,4.7,960.2,10.5,67
12/11/2022,22.1,10.8,4.4,959.9,11.2,72
12/12/2022,21.9,10.4,4.1,959.5,12.3,80
12/13/2022,22.4,10.6,4.4,959.6,12.2,77
12/14/2022,22,10.2,5.3,960.4,12,79
12/15/2022,22,10.1,3.6,958.9,12.3,79
12/16/2022,21.6,11.1,4.5,959.2,12.6,81
12/17/2022,22.9,10.4,3.9,961.3,11.8,75
12/18/2022,24,12.1,4.3,960.7,10.7,66
12/19/2022,23.7,12.1,4,959.1,10.8,69
12/20/2022,22.4,10.4,3.8,959.1,11.5,75
12/21/2022,22.2,10.6,5.2,959.5,10.9,74
12/22/2022,21.5,10.1,4.6,958.7,10.7,75
12/23/2022,21.6,10.2,4.3,959.6,8.9,68
12/24/2022,19.4,10.1,4.2,959.7,7.6,62
12/25/2022,22.3,9.9,5.2,960.7,7.1,59
12/26/2022,21,8.8,4.9,961.8,6.1,61
12/27/2022,20.1,7.9,5.2,960,6.5,67
12/28/2022,17.1,7.2,6.3,962.3,9.1,83
12/29/2022,17.6,6.7,4.9,964.4,9.4,81
12/30/2022,20.5,8.4,4,964.2,8.6,73
12/31/2022,19.5,9.1,4.1,963.7,8.8,73
1/1/2023,19.8,9.7,4.4,965.4,9.8,75
1/2/2023,19.8,7.5,4,965.8,8.4,75
1/3/2023,20.1,6.8,4.3,965.4,7.2,72
1/4/2023,19,6.7,4.5,965.1,6.6,71
1/5/2023,20.3,7.2,4,966.4,5.1,61
1/6/2023,23.6,8.9,4.6,965.5,3.5,47
1/7/2023,23.8,9.7,5.5,963.6,2,41
1/8/2023,22.6,9.2,4,963.3,2.8,46
1/9/2023,22.6,8.8,3.6,964.2,4.6,47
1/10/2023,22.2,9.5,4.5,961.8,6.4,57
1/11/2023,20.7,9.5,5,960.4,6.1,59
1/12/2023,21.5,8,3.9,958.5,6.4,61
1/13/2023,21.1,9.8,6,959.2,5.6,56
1/14/2023,21.7,8.9,7.5,958.7,7,62
1/15/2023,18.2,9.2,5.5,959.1,10.9,86
1/16/2023,17.3,9.5,4.3,960.8,9.4,82
1/17/2023,17.5,7,4.1,961.8,8.8,80
1/18/2023,17.7,8.4,4.3,963.6,7.7,73
1/19/2023,18.4,6.7,4.8,963.5,7.8,74
1/20/2023,19.7,9.5,3.8,962.8,8.3,63
1/21/2023,22.3,10.4,7.3,961.1,6.1,54
1/22/2023,22.9,9.5,5.6,961.1,8.1,59
1/23/2023,23.8,11.1,5.9,960.5,7,51
1/24/2023,22.7,10.6,4.6,962,10.2,63
1/25/2023,23.6,13.5,5.6,960.7,9.9,63
1/26/2023,23.5,13.2,7,960.3,9.2,57
1/27/2023,25.9,13.3,7.2,960.1,7,49
1/28/2023,20.7,10.8,4,960.4,9.8,68
1/29/2023,23.7,9.8,5.4,961.7,9.9,64
1/30/2023,25.7,12.8,4.3,962.2,9.4,57
1/31/2023,26.5,12.5,8.3,959.5,7.4,50
2/1/2023,22.8,12,4.9,960,11,70
2/2/2023,21,11.7,4.3,961.2,10.4,71
2/3/2023,23.8,10.9,4.7,959.9,11.1,73
2/4/2023,22.9,10.6,4.9,958.3,12.1,73
2/5/2023,22.8,9.8,5.3,958.3,11.1,75
2/6/2023,23.3,10.1,5.7,957.4,11.2,73
2/7/2023,23.6,10.1,5.4,956.9,10.5,70
2/8/2023,22.9,10.3,5.1,958.4,10.2,69
2/9/2023,22.2,10.3,5,959.6,10.3,71
2/10/2023,23.1,10.3,4.9,959.2,11.1,72
2/11/2023,25.8,13.5,6.4,958.9,11.2,64
2/12/2023,24.5,8.4,8.2,958,6.7,53
2/13/2023,20.2,8.8,5.5,959.2,5.6,58
2/14/2023,22.1,9.8,4.7,960.1,7.1,58
2/15/2023,24.1,10.7,3.6,959.6,8.4,57
2/16/2023,26.7,12.8,3.8,961.7,9.4,54
2/17/2023,28.1,14.4,4.9,962.5,10.4,54
2/18/2023,28.6,15.4,5.6,962,9,49
2/19/2023,28.5,15,6.1,960.8,10.5,54
2/20/2023,27.3,14.7,5.5,959.9,12,61
2/21/2023,28,14.2,5.4,959.4,13.4,65
2/22/2023,26.2,15.3,6.1,957.8,13.1,63
2/23/2023,27.6,13.3,5.4,958.2,10.7,57
2/24/2023,26.2,13.2,6.6,961.5,11.2,61
2/25/2023,25.2,14.1,6.6,964.5,11.7,61
2/26/2023,25.6,14.9,5.1,965.2,11.4,64
2/27/2023,25.9,14.3,5.1,964.1,10.3,58
2/28/2023,25.9,14.5,5.3,964.2,12.2,63
3/1/2023,27.7,15.1,5.8,964.6,11.7,59
3/2/2023,27.8,15.1,6.3,964.1,12.6,60
3/3/2023,26.5,15.2,7.1,964.1,14.7,69
3/4/2023,27.1,15.7,4.8,964.2,14.6,67
3/5/2023,29.3,15.9,6.3,962.7,13.4,59
3/6/2023,29.2,15,5.6,961,11.2,53
3/7/2023,28.5,14.9,6.6,962.4,8.6,45
3/8/2023,25,14.2,5.9,964.2,11.2,61
3/9/2023,27.9,14.1,6.4,962.8,9.2,50
3/10/2023,28.9,14.3,5.4,962,8.5,47
3/11/2023,28.9,15.1,5.2,962.6,9.3,48
3/12/2023,29.3,15.5,6.4,961.9,10.5,49
3/13/2023,29.8,16.5,5.1,960.2,12,53
3/14/2023,28,16.1,5.2,957.7,12,57
3/15/2023,27.9,16.1,5.1,957.7,10.5,50
3/16/2023,28.3,17,5.5,960.1,11.4,52
3/17/2023,25.2,14.4,3.8,960.5,14,70
3/18/2023,26.6,15.7,5.3,958.8,14.4,69
3/19/2023,23.9,15.4,4.6,957.5,15,76
3/20/2023,21.9,16,3,956.5,15.7,86
3/21/2023,22.3,12.8,3.6,956.8,14.6,80
3/22/2023,24.7,13.8,6.4,955.4,12.4,67
3/23/2023,24.9,13.7,6.5,955.7,13,64
3/24/2023,26.6,16.2,5.8,957.7,12.9,62
3/25/2023,27.1,16.3,6.3,958.5,13.3,61
3/26/2023,29.1,15.5,8.6,956,9.4,45
3/27/2023,27.8,16.2,5.9,955.7,9.2,45
3/28/2023,29.2,15.5,6,956.9,9,46
3/29/2023,29.1,16.7,5.9,957.8,9.2,43
3/30/2023,28.8,17,6.7,956.1,10.2,45
3/31/2023,27.4,15.5,7,957.6,15.6,74
4/1/2023,25.1,14.6,4.5,956.4,14,70
4/2/2023,24.3,14.9,6.3,954.1,12.9,68
4/3/2023,26,15.2,5.4,954.1,13.6,63
4/4/2023,28.7,16.2,6.9,955.3,13.5,60
4/5/2023,28.9,16.7,6,955.4,10.9,48
4/6/2023,29.9,16.3,6.4,957.7,10.6,47
4/7/2023,30.1,17.2,5.8,959.9,10.1,43
4/8/2023,30.5,17,5.9,961.4,11,45
4/9/2023,32.1,18,8.5,960,7.9,35
4/10/2023,31.7,17.5,6.6,958.1,7.8,35
4/11/2023,31.9,18.3,5.6,958.1,9.3,38
4/12/2023,32.4,18,6.3,957.2,11.3,41
4/13/2023,32.9,18.9,6.2,956.3,11.4,39
4/14/2023,33,20.3,6.2,957,13.2,43
4/15/2023,33.4,22.2,6.9,957.3,14.2,45
4/16/2023,34.9,19.6,7.1,954.8,10.8,37
4/17/2023,35.7,20.2,6.4,955.3,10.8,35
4/18/2023,36.9,21.1,7.1,955.6,9.5,32
4/19/2023,36.2,21.4,6.5,951.5,10.5,33
4/20/2023,34,21.3,7.5,950.3,12.2,39
4/21/2023,33.2,19.3,6.5,952.2,11.5,42
4/22/2023,32.2,19.3,7.3,953.2,8.7,36
4/23/2023,30.3,19.2,8.4,956.7,12.2,47
4/24/2023,29.4,17.2,5.5,960.1,13.2,60
4/25/2023,29.6,17.5,4.8,959.1,12.7,52
4/26/2023,30.6,18,5.9,956.9,11.9,46
4/27/2023,30.6,18.8,5.2,957.3,13.2,50
4/28/2023,31.6,20,6.5,956.6,12.8,47
4/29/2023,30.4,21.5,5.3,956.4,14.3,50
4/30/2023,28,20,4.8,956.3,17.5,70
5/1/2023,25.2,18.6,3.3,957.6,16.1,70
5/2/2023,25.7,18.5,3.9,958,16.1,68
5/3/2023,29.7,20.6,3.5,958.3,16.9,65
5/4/2023,26.8,18.2,5.2,957.1,16.5,68
5/5/2023,29.5,19.1,6.9,954.4,15.6,59
5/6/2023,31.7,20.3,6.2,953,14.5,49
5/7/2023,33.1,21.2,6.4,952.9,14.4,48
5/8/2023,34.2,19.8,7.3,953.8,11.3,36
5/9/2023,34.2,20.2,7.9,953.3,9,33
5/10/2023,34,19,7.2,953.9,8.6,33
5/11/2023,34,19,6.4,956,6.7,29
5/12/2023,34.1,19.5,6.2,956.4,11.5,37
5/13/2023,33.6,21.6,5.9,955.6,16.3,52
5/14/2023,34.2,22.1,6.6,951.8,15.5,48
5/15/2023,32.6,22.2,5.5,952.1,16.8,55
5/16/2023,29.2,21.4,4.2,954,17.7,61
5/17/2023,32.5,21,6.2,956.6,18.8,66
5/18/2023,30.6,21.2,4.6,956.5,19.4,67
5/19/2023,32.1,22.1,6.3,954.3,17.4,57
5/20/2023,31.6,21.3,4.4,953.9,18.3,63
5/21/2023,31.1,22.8,5.2,955.8,17.6,57
5/22/2023,33,22.6,6.9,956.9,18.7,60
5/23/2023,29.5,21.7,5.9,956.5,20.9,76
5/24/2023,30.6,21.5,4.7,955.3,20,72
5/25/2023,29.5,21.5,5.2,954.4,18.8,66
5/26/2023,28.5,20.1,4.4,955.5,19.4,73
5/27/2023,29.4,19.7,3.6,955.3,19.2,75
5/28/2023,29.4,20.5,4.1,956.9,19,70
5/29/2023,31.7,22.3,4.3,957.8,19,62
5/30/2023,34.4,23.6,5.9,956.1,16.3,48
5/31/2023,36,23.4,8.6,954.1,14.4,39
6/1/2023,35.9,22.1,7.3,952.1,13.2,38
6/2/2023,35.6,23.1,6.2,952.2,15.1,43
6/3/2023,36.1,21.3,6,953.6,12.4,35
6/4/2023,35.7,22.8,5.5,953.1,14.2,40
6/5/2023,35.8,23.2,6.5,952.9,15.8,45
6/6/2023,36.3,24.5,5.6,951.8,17,47
6/7/2023,36.8,24,5,951.5,15.9,42
6/8/2023,37.6,25.7,5.5,950.7,15.8,40
6/9/2023,37.6,25.5,6.8,949.3,18,46
6/10/2023,35.6,24.3,6.3,948.9,20.6,58
6/11/2023,33.7,25.1,6.1,948,22.2,66
6/12/2023,32.3,23.5,4.4,948.7,23.1,76
6/13/2023,31.6,24.3,4.6,947.1,22.7,74
6/14/2023,31.5,24.5,4.4,947,22.8,74
6/15/2023,34.5,25.9,6.3,947.1,21.8,62
6/16/2023,34.8,25.5,7.2,948.2,20.9,58
6/17/2023,35.4,25.1,5.4,950.3,22.6,64
6/18/2023,33,24.5,5.3,951.1,24.1,77
6/19/2023,33.3,23.7,5.5,950.4,23.8,77
6/20/2023,33.3,24.4,4.7,950.8,23.8,77
6/21/2023,31.8,23.8,5.1,951.4,24.2,80
6/22/2023,31.5,24.3,5.2,951.9,24.5,83
6/23/2023,31.8,25.6,5.3,952,24.4,82
6/24/2023,30.6,24.6,6.2,951.6,24.1,82
6/25/2023,31.2,25.2,5.1,951.8,23.9,79
6/26/2023,31.6,24.8,6.5,951.5,23.6,76
6/27/2023,31.1,24.8,10.2,951.8,23.2,77
6/28/2023,30.3,24.5,8.9,952.8,23,79
6/29/2023,30.6,23.6,15.3,951.9,22.5,78
6/30/2023,28.7,23.8,8.1,951.6,23.5,89
7/1/2023,28.2,24,6.9,952.1,23.5,89
7/2/2023,30.9,23.1,5.7,951.5,23.7,86
7/3/2023,29.2,24.2,7.3,951.5,24.1,89
7/4/2023,30.6,24.3,7,951.3,23.7,82
7/5/2023,29.9,23.9,5.6,951.2,23.2,83
7/6/2023,30.6,24.3,5.2,952.5,23.8,80
7/7/2023,30.5,24.6,11.3,953.4,23.5,78
7/8/2023,30.9,24.7,9,954.2,23.7,79
7/9/2023,31.4,25.1,6.9,953.1,23.8,78
7/10/2023,31.5,25,6.4,952.4,24.4,81
7/11/2023,31.5,24.4,5.9,952.1,24.3,82
7/12/2023,29.6,23.5,5.7,952.5,24.5,87
7/13/2023,29.2,23.9,3.4,952.5,24.4,88
7/14/2023,29.7,24.2,4.7,952.8,24.4,90
7/15/2023,29.9,24.1,6.8,952.4,24,85
7/16/2023,29.6,24.9,5.3,952,24.1,84
7/17/2023,29.1,24.9,8.2,951.6,23.4,81
7/18/2023,28.9,24.6,2.5,951.4,23.9,85
7/19/2023,32.3,25.6,3.2,950.7,24.2,78
7/20/2023,31.7,24.6,4.1,950.9,24.6,80
7/21/2023,31.2,25.5,5.4,954.2,24.1,78
7/22/2023,31.8,25.6,7,956.3,23.7,76
7/23/2023,31,24.8,7.4,955.1,23.2,75
7/24/2023,30.2,25.1,5.5,953.4,23.6,80
7/25/2023,28.7,24.5,3.2,954,23.8,87
7/26/2023,30.4,24.8,4.7,954.2,23.6,80
7/27/2023,30.1,24.6,4.9,952.3,24,83
7/28/2023,31.3,24.2,4.8,950.1,24,83
7/29/2023,29.1,24.1,4.1,950.1,24,86
7/30/2023,30.1,24,4.4,949.2,24.3,88
7/31/2023,31.2,24.8,4,948,24.5,83
8/1/2023,33.4,25.2,3.9,947.3,24.8,78
8/2/2023,31.8,24.8,4.4,947.9,24.8,83
8/3/2023,30.5,24.7,7.3,949.2,24.2,83
8/4/2023,30.3,24.5,9.5,951.4,23.8,81
8/5/2023,30.1,25,5.6,951.6,24.2,84
8/6/2023,28.7,24.2,3.3,948.4,24.4,89
8/7/2023,27.4,24,3.1,946.8,24.5,96
8/8/2023,26.8,24.2,2.6,949.2,24.4,96
8/9/2023,29.3,24.1,4.1,952,24.6,91
8/10/2023,29.4,24.1,7,953.5,24.4,87
8/11/2023,28.8,24.4,3.3,952.5,25,91
8/12/2023,28.3,24.3,4.4,950.3,24.9,94
8/13/2023,27.6,23.8,3.3,952.6,23.5,90
8/14/2023,30.1,23.2,4.9,953.7,23,82
8/15/2023,31.1,23.6,5.5,953.1,23.6,82
8/16/2023,31.7,24.3,5.7,952.5,23.7,80
8/17/2023,30.5,24.5,3.6,952.9,24.3,85
8/18/2023,30.7,24.8,4.6,953.7,24.3,81
8/19/2023,30.9,24.8,7.6,954.5,23.6,78
8/20/2023,30.1,24.6,5.7,954.5,24.2,84
8/21/2023,28,25,3.7,953.5,24,87
8/22/2023,29.4,24,3.3,953,24.3,89
8/23/2023,29.3,23.3,4.3,951.1,24,90
8/24/2023,27.1,23.8,3.6,949.2,24.3,94
8/25/2023,27.4,23.8,7.6,949.4,23.7,94
8/26/2023,28.9,23,3.7,949.8,23.6,90
8/27/2023,28.8,22,5.2,949.4,23.4,90
8/28/2023,30.4,22.2,5.7,951,23,85
8/29/2023,29.4,22.9,3.6,953,22.8,84
8/30/2023,30.4,23.1,3.5,954.5,23.1,81
8/31/2023,30.5,23.6,3.5,955,23.6,83
9/1/2023,31,24.3,4.1,954.2,23.8,81
9/2/2023,30.9,24.8,3.4,953.2,24.8,88
9/3/2023,31.8,24.1,3.7,952.3,23.8,81
9/4/2023,32,24.5,4.1,952.8,23.7,78
9/5/2023,30.8,24.9,3.5,953.3,23.7,79
9/6/2023,33,24.7,3.4,954.1,22.9,73
9/7/2023,31.8,23.9,4.1,954.1,23.1,75
9/8/2023,29.5,23.4,6.4,954.3,23.6,86
9/9/2023,28.9,23.6,7.2,953.8,23,85
9/10/2023,30.7,24.1,4.5,952.2,23.5,81
9/11/2023,30.9,23.7,4.2,951.6,23.5,81
9/12/2023,30.4,24.3,3.7,952.4,23.4,81
9/13/2023,31.2,24.2,3.5,953,24,82
9/14/2023,31.5,23.9,3.7,954.3,23.8,81
9/15/2023,30,24.7,5.8,955.5,23.9,83
9/16/2023,31.8,23.9,5,955.4,23.4,80
9/17/2023,30.9,23.5,3.4,953.9,23,79
9/18/2023,31.3,23.9,3.7,954.4,22.8,76
9/19/2023,31.4,23,3.6,956.4,22.7,77
9/20/2023,29.5,23.1,3.4,956,23.1,83
9/21/2023,28.4,23.2,4,955.9,23.2,87
9/22/2023,28.8,22.5,5.1,955.7,22.3,84
9/23/2023,27.6,22.6,4.3,955.5,22.5,86
9/24/2023,28.7,22.1,5.2,955.1,22.2,85
9/25/2023,29.3,21.8,5.4,956.1,21.2,79
9/26/2023,29.3,22.8,3.5,956.6,22,79
9/27/2023,29.8,22.3,3.3,955.6,22.1,79
9/28/2023,30.9,23.1,3.7,955.6,22.3,76
9/29/2023,33.1,22.7,3.7,955.3,21.2,68
9/30/2023,33.9,23.9,3.5,955.3,21.3,70
10/1/2023,30.2,24,3.5,954.4,22.3,77
10/2/2023,29.5,23.7,3.2,955.4,23.1,85
10/3/2023,28.5,23.3,3.4,956.1,23,86
10/4/2023,25.9,22.5,3.6,956,22.8,92
10/5/2023,29,22.6,6.7,955,22.9,88
10/6/2023,28.2,21.6,4.8,955.6,21.9,85
10/7/2023,27.8,21.4,3.5,956.9,22,86
10/8/2023,29.2,21.4,4.5,956.8,21.3,82
10/9/2023,28.5,21.3,4.4,957.7,21.4,82
10/10/2023,28.5,20.4,4.1,958.6,21.7,85
10/11/2023,27.8,19.9,3.7,958.9,20.6,84
10/12/2023,27.9,18.6,3.4,960.6,20,80
10/13/2023,29,18.6,3.8,960.9,19,77
10/14/2023,27.8,18.8,3.9,959.9,19,79
10/15/2023,26.8,18.1,4,958.9,19.3,82
10/16/2023,26.6,18.3,5.3,960.8,18.6,80
10/17/2023,27.7,18.2,4.8,961.3,16.3,67
10/18/2023,27,17.7,4.4,961.3,16.2,69
10/19/2023,26.4,17.2,3.9,962,16.4,73
10/20/2023,27.1,16.4,4.2,962.6,14.9,69
10/21/2023,27,16.1,3.5,963.4,14.2,65
10/22/2023,28.4,16,4.6,962.9,14.8,66
10/23/2023,27.9,17,4.2,961.6,15,66
10/24/2023,28.3,17.8,3.7,961,15.1,65
10/25/2023,28.3,17.3,4.7,961.1,15.3,66
10/26/2023,27.2,17.5,4,961.2,15.1,66
10/27/2023,26.4,16.5,4.1,961,15.6,71
10/28/2023,26.8,16,5,961.7,14.6,66
10/29/2023,27.2,16,3.7,961.7,15.1,68
10/30/2023,27.9,17.4,3.7,962.7,16.4,71
10/31/2023,29.2,17.2,4,964,15.6,65
11/1/2023,27.2,16.3,4.1,963.3,16.8,74
11/2/2023,27.5,16.2,4.4,961.2,15.7,70
11/3/2023,26.1,17.2,4.5,959.9,15.8,72
11/4/2023,26.1,15.7,5.6,960,14,68
11/5/2023,26.3,15.7,4.5,962.3,14,67
11/6/2023,25.7,15.6,3.9,962.8,14,68
11/7/2023,26.6,14.5,4.5,961.6,13.5,66
11/8/2023,26.2,14.6,5.3,960.5,12.4,64
11/9/2023,25.1,14.1,4.6,961.8,13.7,71
11/10/2023,25.6,13.9,4.5,963.1,14.8,74
11/11/2023,25.4,15,5.3,963.6,14.4,73
11/12/2023,25.4,15.7,3.9,964,13.4,67
11/13/2023,26.2,15.6,3.9,964.2,13.8,67
11/14/2023,26.3,15.9,4.4,963.8,14.2,67
11/15/2023,26,16.2,3.6,964,14.3,68
11/16/2023,25.5,15.1,4.3,965.2,13.4,67
11/17/2023,27.8,15.7,5,963.4,13.1,62
11/18/2023,25.4,14.5,5.3,963.6,14.9,74
11/19/2023,25.1,14.1,5.1,964.1,14.6,74
11/20/2023,25.6,15.1,3.6,963.3,14.1,71
11/21/2023,24.7,12.1,4.3,960.8,14.1,78
11/22/2023,24,12.1,4.5,960.8,14,79
11/23/2023,24.2,12.8,3.3,961.1,13.9,74
11/24/2023,24.8,14.3,3.2,962.4,14.6,75
11/25/2023,24.6,13.6,3.8,964.4,14.7,76
11/26/2023,26.1,13.7,3.8,964.6,13.5,67
11/27/2023,24.4,15.7,3.4,963.4,14,70
11/28/2023,24.9,14.7,3.5,962,12.6,64
11/29/2023,25.6,14.5,4,962.7,13.3,69
11/30/2023,23.4,14.3,4,963.5,13.7,75
12/1/2023,25,14.5,3.6,962.7,12.7,68
12/2/2023,25.8,12.7,5.3,962.8,9.5,57
12/3/2023,26.1,13.1,4.9,962.2,6.3,45
12/4/2023,25.2,14.7,4.6,961.4,8.2,50
12/5/2023,25.4,14.2,5.7,960.9,10,58
12/6/2023,23.7,12.8,4.3,962.9,12.3,73
12/7/2023,22.2,13.5,3.3,961.3,13.2,78
12/8/2023,23.4,12.5,5.1,960.2,11,69
12/9/2023,21.8,10.5,5.3,960.1,11.5,76
12/10/2023,21.6,10.5,4.7,959.7,11.9,79
12/11/2023,20.8,9.8,4.4,961.5,11.4,77
12/12/2023,22.3,9.7,4.2,959.8,9.8,69
12/13/2023,20.8,10.2,4.9,960.6,8.9,69
12/14/2023,20.9,10.1,5.1,962.8,8.5,67
12/15/2023,19.8,9.8,4.1,963.5,8.7,69
12/16/2023,20.7,10.4,3.4,962.2,8.8,69
12/17/2023,21.2,10.5,4.1,962.7,8.8,66
12/18/2023,21,8.6,4.5,963.1,9.1,72
12/19/2023,20.8,8.5,4.5,964.3,8.7,71
12/20/2023,22.4,9.7,4,963.4,8.2,62
12/21/2023,23,11.8,4,962.7,8.7,62
12/22/2023,22.5,11.9,3.7,963.8,8.7,61
12/23/2023,22.9,12.4,3.7,965.9,8.3,59
12/24/2023,23.4,12.5,4.7,965.6,7.8,57
12/25/2023,23.1,11.5,5,964.3,9.2,64
12/26/2023,22.9,11.3,4.8,965.2,9.4,64
12/27/2023,22.8,11.9,4.7,965.1,10.7,70
12/28/2023,22.7,11.3,4.8,964.7,10.4,70
12/29/2023,22.8,11.4,3.9,964.3,10.2,68
12/30/2023,22.6,10.7,4.1,963,10.4,71
12/31/2023,22.1,10.3,3.4,962.9,10.5,75
1/1/2024,21,8.4,3.8,962.4,9.8,75
1/2/2024,20.6,8.1,4.3,962.2,9.5,77
1/3/2024,20.7,8,4.2,962,7.6,67
1/4/2024,21.3,8.9,5.2,962,5.6,58
1/5/2024,21.1,8.7,4.6,963.1,7.7,64
1/6/2024,20.7,10.2,4.4,963.5,9.3,71
1/7/2024,21.2,8.2,4.5,963.9,9.1,73
1/8/2024,21.3,8.4,5.2,963.6,7.8,67
1/9/2024,21.1,9.3,4.5,961.9,6.5,60
1/10/2024,21.9,8,5.5,960.9,7.6,66
1/11/2024,19,7.9,4.2,962.5,8.2,72
1/12/2024,20,7.7,3.8,962.1,9.4,72
1/13/2024,20.6,9.9,3.7,961.6,10.2,74
1/14/2024,22,9.5,3.7,961.6,8.7,68
1/15/2024,21.7,9.7,3.8,960.9,8.9,70
1/16/2024,21.2,9.4,4.5,960.5,9.5,74
1/17/2024,19,7,5.6,961,9.4,80
1/18/2024,18.6,7,4.4,961.7,8.2,76
1/19/2024,18.2,6.4,4.6,962.8,8,79
1/20/2024,19.6,6.2,4.8,961.9,6.8,71
1/21/2024,17.7,6.5,4.6,961.7,3.9,63
1/22/2024,18.7,6.6,4.2,963.7,4.4,60
1/23/2024,20.1,8.1,3.9,962.1,6.7,67
1/24/2024,19.6,7.1,4.6,962.9,6.9,69
1/25/2024,19.5,6.8,4.9,964.7,5.9,64
1/26/2024,19.5,7.2,4.9,964.9,3.5,56
1/27/2024,17.4,6.8,5.2,964,5.3,68
1/28/2024,19.6,6.7,4.7,964.4,5.7,63
1/29/2024,21,8.8,4.3,962.8,6,61
1/30/2024,20.6,8.2,5.4,962.5,7.7,67
1/31/2024,20.9,8.9,4.8,962.4,8,67
2/1/2024,20.4,9.1,5.3,962.6,7.3,62
2/2/2024,20.7,8,6.4,960.4,6.3,62
2/3/2024,19.3,7.8,4.6,960.6,8.6,73
2/4/2024,19.1,9.7,5.1,963.3,9.7,77
2/5/2024,20.4,8.9,5.2,962.3,9.8,76
2/6/2024,20.5,7.9,6.4,961.8,8.1,70
2/7/2024,20.6,7.4,5.7,960.8,7.6,71
2/8/2024,19.1,6.7,5.1,961,7.8,74
2/9/2024,20,6.7,5.7,965.2,7.3,70
2/10/2024,23.4,9.2,4.4,965.4,7.6,60
2/11/2024,24.3,10.3,4.7,965.7,7,55
2/12/2024,24.5,9.7,4.9,965.4,6.8,53
2/13/2024,23.1,11.3,4.9,964.5,5.7,49
2/14/2024,20.8,11.3,4,963.7,7.4,58
2/15/2024,24.6,10.7,5.9,964.6,5.7,49
2/16/2024,24.1,11.4,5.9,963.9,9.8,62
2/17/2024,23.7,11.2,5.4,960,8.9,60
2/18/2024,23.5,11.3,5.2,960.6,8.3,59
2/19/2024,24.5,12.2,4.6,960.7,7.1,51
2/20/2024,27.3,13.9,6.3,958,8.4,50
2/21/2024,24.9,12.8,5.7,957,9.7,58
2/22/2024,23.6,10.4,5.5,958.5,8,57
2/23/2024,23.8,8.9,6.8,960.1,1.5,40
2/24/2024,22.4,8.9,5.6,962.1,1.4,41
2/25/2024,24.2,10.4,5.9,962.7,-0.7,35
2/26/2024,24,10.9,5.1,963.1,3.2,41
2/27/2024,24.5,11.7,5.8,961.2,5,45
2/28/2024,25.4,12.7,6.8,959.1,7.2,50
2/29/2024,24.4,11.9,6,960.3,8.8,58
3/1/2024,25.1,11.4,6,961.5,9.7,58
3/2/2024,26.2,13.8,6,960.9,11.5,58
3/3/2024,25.2,15.1,4.8,960.2,12.5,66
3/4/2024,26.3,13.1,6.9,959.7,9.4,55
3/5/2024,27,11.7,8.4,959.2,6.3,48
3/6/2024,26.8,11.8,5.7,958.6,8.4,55
3/7/2024,26.1,12.7,5.7,958.9,8.1,49
3/8/2024,26.3,12.5,7.5,959.2,6.8,47
3/9/2024,25.2,13,6.1,959.8,7.6,50
3/10/2024,25.8,13.9,6.4,962.9,10.1,56
3/11/2024,28.2,13.2,5.7,961.3,10.5,56
3/12/2024,29.1,14.2,6.2,958.3,9.5,47
3/13/2024,28.7,14.1,6.8,958.6,6.5,40
3/14/2024,29.2,14.3,6.6,958.8,6.2,38
3/15/2024,29.6,12.9,6.6,960.2,4.3,34
3/16/2024,28.9,12.7,6.6,961.2,1.3,30
3/17/2024,29,12.5,5.8,960.9,2.6,31
3/18/2024,29.1,14.2,6.3,960,3,32
3/19/2024,30.4,14.3,6.3,960.4,4.9,33
3/20/2024,23,15.2,4.8,962.2,13.2,72
3/21/2024,24.1,14.2,4.2,960.8,14,77
3/22/2024,24.8,13.7,4.8,957.1,14.4,74
3/23/2024,24.2,16.2,6.3,956.2,14.5,73
3/24/2024,25.8,16.1,5.4,959.6,16,75
3/25/2024,25.9,16.6,5.6,959.1,15.6,71
3/26/2024,27.5,16.3,4.8,960.5,16,70
3/27/2024,26.1,17.9,3.7,961.7,17.5,77
3/28/2024,26.5,19.2,3.9,959.4,17.4,76
3/29/2024,29,19.1,5.3,958.6,16.8,67
3/30/2024,30.8,18.6,5.6,958.6,16.4,63
3/31/2024,31.9,18.4,7.3,955.9,12.7,46
4/1/2024,31.4,18.1,7.6,952.9,11.5,45
4/2/2024,30.3,17.9,5.6,953.2,12.1,48
4/3/2024,31.4,17.8,5.5,954.9,11.2,44
4/4/2024,33.7,18.1,6.6,954.8,10,37
4/5/2024,32.3,19.1,5.5,954.2,12.1,42
4/6/2024,32.7,18,7.7,954.6,9.1,36
4/7/2024,32.6,16.5,7.5,955.1,6.9,32
4/8/2024,32.3,16.2,6.6,957.4,4.3,28
4/9/2024,32.4,18,6.5,958.5,5.4,29
4/10/2024,33.1,18.6,6.3,959,4.8,29
4/11/2024,32.9,19.4,6.6,960.1,8.6,35
4/12/2024,31.4,19.3,5.8,959.6,10.9,41
4/13/2024,33,19.8,6,959.4,10.1,38
4/14/2024,33.6,20.1,6.2,959.4,10.3,36
4/15/2024,34.4,20.2,7.1,958,12.5,40
4/16/2024,33.9,21.5,6.6,954.8,13.7,43
4/17/2024,32.7,21.7,7.6,953.7,13.3,44
4/18/2024,31.7,21.3,8.8,952.9,15.1,51
4/19/2024,33,21,6.9,950.4,16.4,53
4/20/2024,35,20,7.6,950.6,11.6,38
4/21/2024,34.7,20.6,8.8,951.9,7.6,29
4/22/2024,34.9,20.8,8.6,953.6,9.3,32
4/23/2024,34.4,20,9.9,953,7.7,28
4/24/2024,34,19.8,8.5,952.7,7.5,29
4/25/2024,35.2,19.6,7.5,952.5,7.3,29
4/26/2024,36,19.5,6.9,952.5,7.5,27
4/27/2024,34.4,21.9,6.1,953.7,13.6,42
4/28/2024,35.2,20.6,9.1,953.4,9.5,32
4/29/2024,36.1,20.7,8.3,952.9,7.8,27
4/30/2024,36.2,22.3,8.7,949.6,8.2,28
5/1/2024,35.5,18.9,7.4,949.2,3.1,22
5/2/2024,32.9,19.4,7.5,951,4.2,25
5/3/2024,35,19.5,6.2,953.9,7.3,28
5/4/2024,34.3,22.3,7.1,953.5,9.6,33
5/5/2024,33.4,21.6,8.4,951.8,13.4,42
5/6/2024,32.2,20.7,8.4,955.7,17.1,58
5/7/2024,27,19.9,6.6,959.1,18.1,71
5/8/2024,26.8,20,4.8,958.4,17.5,73
5/9/2024,29.8,20.4,6.9,957.2,18,69
5/10/2024,28.6,21.1,5.2,957.7,19.1,72
5/11/2024,30.5,21.3,6,958.2,19.6,72
5/12/2024,28.4,20.3,5.4,958.9,20.2,80
5/13/2024,29.9,20.5,4.3,958.2,19.9,72
5/14/2024,31.1,20.8,5.3,957.7,19.3,65
5/15/2024,33.1,22.8,5.5,958.7,19.6,62
5/16/2024,34.6,23.7,5.6,956.9,14.6,43
5/17/2024,34.7,23.5,4.3,954.7,17,48
5/18/2024,35.1,24.2,5.3,953,19.4,56
5/19/2024,33,23.4,6.4,952.2,20.1,62
5/20/2024,30.8,23.7,5.9,953.7,21.2,72
5/21/2024,32.7,22.8,6.7,954.6,20.6,69
5/22/2024,31.9,23.6,5.6,954.7,21.5,72
5/23/2024,32.1,23.3,6.2,953.5,19.7,64
5/24/2024,34.4,23.2,5,952.1,20.8,62
5/25/2024,35.7,24.1,3.7,950.4,21.5,62
5/26/2024,33.9,25.5,4.3,949.4,22.1,65
5/27/2024,32.1,24.5,4.4,947.1,23.6,78
5/28/2024,32.2,24.2,5.8,945.7,21.6,71
5/29/2024,34.6,24.9,4.4,947.9,21.1,60
5/30/2024,34.6,25.2,5.5,950.2,23.6,70
5/31/2024,32.9,24.2,6,951.8,23.9,77
6/1/2024,32.9,24,4.6,952.8,21.7,68
6/2/2024,32.1,22.7,4,953.6,22.6,78
6/3/2024,32.6,23.5,5.9,952.3,21.7,70
6/4/2024,32.9,23.2,4.5,953.2,22.4,75
6/5/2024,31,23,4.2,953.8,22.4,78
6/6/2024,31.5,23.1,4.5,953.9,22.5,77
6/7/2024,29.9,23.3,4.5,951.7,22,76
6/8/2024,32,24.2,4.5,950.4,22.4,71
6/9/2024,32.8,24.4,5.3,950.5,23.3,73
6/10/2024,33.6,24.1,5.8,950.8,23.8,75
6/11/2024,32.5,24.3,5,951,24.1,77
6/12/2024,33.2,25.3,5,951,23.7,74
6/13/2024,32.4,23.9,4.6,949.6,24.2,79
6/14/2024,30.1,24.1,4.7,949.4,24.5,85
6/15/2024,32.9,24.6,4.7,949.4,24.3,80
6/16/2024,31.8,24.8,5,950.6,24.5,83
6/17/2024,32.3,24.8,4.5,950,24.3,81
6/18/2024,31.4,24.5,4.5,947.5,24.5,83
6/19/2024,28.3,23.5,7.4,947.6,23.8,88
6/20/2024,29.2,23.3,6.4,950.1,23.1,83
6/21/2024,29.6,24,5,950.6,23.2,83
6/22/2024,30,24.3,6,951.1,23.5,81
6/23/2024,31.9,24.2,5.1,951,24.2,79
6/24/2024,31.9,24.8,3.9,949.8,24.8,82
6/25/2024,30.8,25.5,8.4,949.7,24.7,83
6/26/2024,30.5,24.5,6.4,951.2,24,86
6/27/2024,31.1,24.8,4.3,952.4,24,82
6/28/2024,29,25.3,5.6,950.5,24.2,85
6/29/2024,28.8,24.6,4.7,950,24.5,88
6/30/2024,29,24.1,4.1,949.2,24.5,91
7/1/2024,29.7,24.4,4.3,946.8,24.6,92
7/2/2024,29.1,24.1,9.6,947.5,23.8,87
7/3/2024,28.9,24.1,7,950.1,24,86
7/4/2024,29.6,24.5,11.3,950.9,23.5,83
7/5/2024,27.8,24.1,10.9,948.8,23.5,89
7/6/2024,26.2,23.9,11.8,949.7,23,91
7/7/2024,28.9,23.9,5.8,952.7,23.7,88
7/8/2024,30.6,23.7,4.5,952.5,23.8,84
7/9/2024,30.3,23.9,4.3,953,24.4,87
7/10/2024,29.2,24.3,4.1,952.5,24.2,90
7/11/2024,28.4,24.1,4.2,949,24.5,94
7/12/2024,26.5,23.5,6.2,948.5,23.7,93
7/13/2024,30.1,23.8,5.1,947.9,24.6,89
7/14/2024,30.5,24.3,7.6,949.1,24.6,85
7/15/2024,31.4,25,5.9,951.3,24.5,82
7/16/2024,30,25.1,6.7,952.2,24.4,85
7/17/2024,28.8,25.4,3.2,951.4,24.2,87
7/18/2024,31.4,24.9,4.1,950.1,24.9,85
7/19/2024,30.8,24.2,3.4,948.9,24.6,85
7/20/2024,30.7,25.6,5.8,949.9,24.9,84
7/21/2024,30.6,25.8,4.7,950.1,24.6,85
7/22/2024,29.3,24.8,6.3,950,24.6,89
7/23/2024,29.7,24.7,5.5,948.1,24.5,87
7/24/2024,31,25.3,4.4,945.1,25,85
7/25/2024,30.7,25.5,4,944.8,25.1,85
7/26/2024,32.2,26,3.6,946,25,79
7/27/2024,32.6,26.4,4.9,948.7,25.6,81
7/28/2024,31.5,26.2,4.8,949,25.5,85
7/29/2024,32.6,25.7,3.5,949.2,25.2,83
7/30/2024,31.1,25.3,4.1,950.6,24.9,84
7/31/2024,32.1,24.8,3.8,950.7,24.6,81
8/1/2024,30.4,24.4,5,949.4,25,88
8/2/2024,29.9,24.1,5.2,948.5,24.4,91
8/3/2024,29.3,24.5,13.2,951.6,22.9,82
8/4/2024,29.5,24.3,8.2,953.3,23.6,83
8/5/2024,29.3,24.1,3.5,952.3,24.5,89
8/6/2024,26.9,24,6.4,951.9,24,93
8/7/2024,28.6,23.5,3.2,952.6,24.1,90
8/8/2024,28.8,23.6,6.2,953.5,23.6,87
8/9/2024,28.5,23.8,7.2,954.1,23.3,86
8/10/2024,29.4,24.2,5.7,953,24,88
8/11/2024,28.5,23.9,6.1,952.2,24,91
8/12/2024,29.1,24.1,4.6,953.2,24.3,90
8/13/2024,29.3,23.7,4.2,954.1,24.7,90
8/14/2024,29.6,24.8,2.6,954.2,24.7,90
8/15/2024,31.3,24.7,4.7,953.1,23.9,80
8/16/2024,29.6,23.9,4.7,953.3,24.3,84
8/17/2024,31.6,23.9,4,954.1,23.9,82
8/18/2024,30.4,24.3,3.3,954.4,23.8,84
8/19/2024,29.8,24.1,3.8,953.6,23.8,84
8/20/2024,28.4,23.5,3.4,955,23.3,87
8/21/2024,28.6,23.3,3.2,955.2,23.4,89
8/22/2024,29.6,23.3,3.2,954.2,23.8,88
8/23/2024,29.3,23.9,4.9,954.7,23.9,87
8/24/2024,30.6,24.2,6.9,954.3,23.4,81
8/25/2024,30.5,23.7,6.3,952.5,23.9,84
8/26/2024,29.1,24,5.7,953.6,23.6,86
8/27/2024,29.3,23.5,5.5,955.1,23.5,86
8/28/2024,29.9,23.5,4.6,954.1,23.5,83
8/29/2024,29.7,23.2,3.3,954.4,23.8,84
8/30/2024,31.1,24,2.8,954.8,24.4,82
8/31/2024,31.7,24.4,4,954.4,24.3,82
9/1/2024,28.2,23.2,5.4,956,23.1,85
9/2/2024,30.8,23.2,3.6,955.9,23,81
9/3/2024,31.3,23.5,3.8,955.7,23.9,84
9/4/2024,29,23.2,3.8,952.4,23.5,87
9/5/2024,27.8,23.3,5.3,952.7,23.4,90
9/6/2024,29.7,23.2,3.7,954.1,23,80
9/7/2024,31.3,24.4,3,953.7,23.1,77
9/8/2024,32.2,24.8,3.9,953.1,23.3,76
9/9/2024,29.4,24.8,4.5,951.8,23.7,81
9/10/2024,31.3,24,5.9,951.9,23.7,81
9/11/2024,31.1,24.3,9.2,952.5,23.4,79
9/12/2024,31.1,24.3,6,952.7,22.9,77
9/13/2024,31.5,24,4.7,950.7,23.4,80
9/14/2024,30.7,24.1,5.9,951.3,23.2,81
9/15/2024,29.1,24.1,4,951.6,23.2,84
9/16/2024,28.6,23.9,3.2,954.2,22.5,81
9/17/2024,28.5,23.4,3.5,955.5,22.5,81
9/18/2024,31.1,23.2,3.5,954.9,23.7,81
9/19/2024,31.9,23.3,4.1,954.3,24.1,83
9/20/2024,31.5,24,2.9,954.5,24.2,83
9/21/2024,30.7,24.6,3.9,955.1,24.7,85
9/22/2024,33.5,24.2,3.5,954.1,24.4,78
9/23/2024,34.7,24.1,4,954.5,24.6,76
9/24/2024,29.9,23.9,4.9,955,23.9,85
9/25/2024,26.7,23.4,4.1,955.8,23.6,91
9/26/2024,27,23.1,11.5,955.6,22.5,90
9/27/2024,24,22.9,11.5,956.3,21.9,91
9/28/2024,24.3,22.4,5.8,957.1,21.9,92
9/29/2024,29,22,5,957,22.3,86
9/30/2024,29.7,22.1,5.7,955,22.7,85
10/1/2024,29.5,22.4,5,953.7,23.1,86
10/2/2024,29.1,22.7,3.8,953.6,22.9,85
10/3/2024,28.3,22.6,3.2,954.5,22.8,90
10/4/2024,28.1,22.5,4.1,955.6,22.3,86
10/5/2024,27.9,21.7,3.8,957.9,21.8,86
10/6/2024,27.4,20.9,3.1,960.6,21.9,87
10/7/2024,27.8,20.3,3.2,961.6,21.7,86
10/8/2024,28.6,20.3,4.4,959.9,21.3,84
10/9/2024,28.6,19.8,4.8,957.9,20.7,82
10/10/2024,28.7,19.7,5.3,956.9,20.6,80
10/11/2024,28.7,19,5.3,956.9,20.6,82
10/12/2024,27.5,18.9,5.3,958.8,19.6,83
10/13/2024,27.3,18.8,4.5,960.1,19.8,78
10/14/2024,26.3,19.4,4.3,959.7,19.8,82
10/15/2024,27.1,17.9,4.3,958.5,18.8,81
10/16/2024,27.2,17.5,4.5,959.2,18,74
10/17/2024,26.2,18.8,3.7,959.1,18.6,80
10/18/2024,26.3,18,4.6,959,18.9,83
10/19/2024,26.7,17.8,4.1,960.2,19,82
10/20/2024,24.6,18,3.9,961.8,19.1,86
10/21/2024,27.4,17.7,3.6,961.1,17.5,75
10/22/2024,30,18.8,3.5,960.5,15.9,62
10/23/2024,30,20,4.3,959.7,18.4,69
10/24/2024,27.8,19.7,3.7,959.5,19.5,79
10/25/2024,26.6,18.3,3.5,959.5,19.2,84
10/26/2024,28.1,18.2,4,959.3,18.9,78
10/27/2024,28.2,19,3.9,958,19.2,78
10/28/2024,28,18.4,3.9,957.4,19.2,77
10/29/2024,28.3,18.3,5,957.5,19.1,78
10/30/2024,27.5,18.5,4.6,958.8,18.8,78
10/31/2024,26.6,18.2,5,958.9,18.5,78
11/1/2024,27,18,4.5,960.7,18.7,79
11/2/2024,26.9,18.3,3.3,962.1,19.1,81
11/3/2024,27.6,18.2,3.3,961.8,18.7,77
11/4/2024,26.2,18.9,3.2,961.8,17.3,75
11/5/2024,26.6,17.6,3.3,962.6,15.9,68
11/6/2024,26.8,17.1,4.2,962.5,14.2,64
11/7/2024,27.2,18,5,962.2,14.8,66
11/8/2024,25.5,16.1,3.9,962.4,16.9,77
11/9/2024,25.1,15.9,4,962.5,17.4,80
11/10/2024,26.6,16.4,3.5,962.5,16.7,70
11/11/2024,26.4,17.4,4.3,961.6,15.8,71
11/12/2024,25.4,15.2,5,960.5,15.4,75
11/13/2024,25.2,15.7,4,960.4,16.2,76
11/14/2024,26.1,14.7,4.8,961.1,15.6,77
11/15/2024,25.1,14.6,3.7,959.9,16.1,81
11/16/2024,24.3,14.1,4.3,959.5,15.7,81
11/17/2024,24.6,14.1,4,960.2,15,78
11/18/2024,24.2,13.9,3.9,962,13.8,74
11/19/2024,24.6,13.6,4.3,962.1,12.7,70
11/20/2024,24.6,14.5,4.6,961.4,12.6,68
11/21/2024,24.6,14.6,4.1,961.1,12.4,68
11/22/2024,24,14.2,3.7,960.9,12.1,69
11/23/2024,22.7,12.7,4.6,961.7,12.3,73
11/24/2024,23.2,12.9,4.6,961.4,11.7,69
11/25/2024,22.3,13,3.8,961.5,12.4,72
11/26/2024,22.5,13.1,3.8,960.9,13.3,77
11/27/2024,22.4,10.9,4.7,961.4,11.7,74
11/28/2024,23.8,10.6,5.6,962.7,10.8,70
11/29/2024,24.2,11.9,3.7,962.4,11.1,67
11/30/2024,23,12.8,3.8,960.6,11.4,69
12/1/2024,22.8,11,3.8,958.7,11.7,76
12/2/2024,22.9,11,3.6,960.2,10.7,70
12/3/2024,23.2,12.5,4,960.1,9.1,60
12/4/2024,21.9,11.5,4.3,959,11.4,75
12/5/2024,21.9,12.4,3.4,959.1,13.9,84
12/6/2024,20.4,11.5,4.6,958.7,12.6,83
12/7/2024,20.9,9.8,5.1,960,10.9,80
12/8/2024,21,9,4.9,959.9,10.8,79
12/9/2024,21.5,9.2,4.7,959.7,8.8,68
12/10/2024,21.5,9.3,6.1,960,4,54
12/11/2024,20,9.5,3.8,960.6,6.1,62
12/12/2024,19.2,10.2,4,960,6,60
12/13/2024,20,8.9,3.5,960.4,5.8,60
12/14/2024,20.8,8.8,4.4,962.9,6.9,66
12/15/2024,23.6,10.4,3.8,963.7,6.9,55
12/16/2024,24,11.6,3.6,962.3,6.7,54
12/17/2024,23,11,3.9,961.5,7.9,60
12/18/2024,23,10.6,4.2,960.8,7,58
12/19/2024,22.4,10.1,4.6,961.7,8.6,65
12/20/2024,23.1,10.3,3.7,960.2,7.6,58
12/21/2024,22.5,9.7,4.5,960.7,7.5,63
12/22/2024,21.9,9.5,4.4,961.7,6.6,60
12/23/2024,21.9,9.4,4.4,962,6,58
12/24/2024,20.4,10.3,3.4,962.3,3.8,47
12/25/2024,23.1,11.7,4.1,963.7,5,48
12/26/2024,23.8,11.5,5.9,965.4,3.5,44
12/27/2024,23.1,11.3,4.4,965.1,6.4,55
12/28/2024,22.1,11.3,5.1,964.3,10,70
12/29/2024,24.3,10.8,5.4,962.6,7.1,55
12/30/2024,20.4,10.5,4.2,963.4,9.7,74
12/31/2024,22,10.2,4.7,963.2,8.6,68
1/1/2025,19.8,10.2,3.3,961.5,8.9,73
1/2/2025,22.6,9.3,3.1,962.3,8.4,67
1/3/2025,23.6,11,3.9,962.3,8.4,62
1/4/2025,24.2,11,4.6,961.9,8.2,60
1/5/2025,23.2,12,4.5,962.8,9.3,60
1/6/2025,23.5,12.9,4.7,961.1,11.5,70
1/7/2025,20.8,11.8,5.9,959.4,11.6,80
1/8/2025,14.8,10.3,4.2,961.3,10.9,91
1/9/2025,19,7.3,3.5,963.9,9.1,80
1/10/2025,20.8,7.4,5,965,8.4,73
1/11/2025,23,8.7,5.9,965,7.9,65
1/12/2025,23.4,10.5,6.4,963.7,6.5,53
1/13/2025,22.9,8.8,5.7,961.7,5.7,55
1/14/2025,21.3,9.6,4,964.6,8,66
1/15/2025,21.9,9.7,3.9,964.9,8.1,65
1/16/2025,23.6,10.8,4.4,964.5,8,60
1/17/2025,24.6,11.2,4.9,962.7,5.2,49
1/18/2025,22.6,10.9,3.9,961.7,8.5,66
1/19/2025,22.1,10.5,3.3,959.7,8.7,70
1/20/2025,21.9,10.4,3.6,958.2,10.2,72
1/21/2025,21.7,10.9,3.5,958.1,9.7,70
1/22/2025,22.6,11.7,2.8,959.2,10.3,71
1/23/2025,21.4,11,3.7,959,9.2,68
1/24/2025,22.9,9.6,6.3,958.4,7.7,60
1/25/2025,20,9.7,4,959.9,10.7,77
1/26/2025,21.9,9,6.5,959.7,10.7,77
1/27/2025,22.7,9,4.1,957.7,11,74
1/28/2025,22.5,9.8,4.7,960,11.5,76
1/29/2025,23.2,10.8,4.5,960.9,11.6,76
1/30/2025,22.9,9.6,5.3,956.7,10,70
1/31/2025,23,10.7,3.9,957.8,7.5,59
2/1/2025,22.9,12.9,5,958.9,6.6,52
2/2/2025,25.5,11.7,6.6,958.3,3.1,42
2/3/2025,22.3,11.2,5.1,959.8,8.5,63
2/4/2025,23.9,11.1,3.5,959.2,10.4,64
2/5/2025,27.5,13.5,6.1,957.9,10.7,60
2/6/2025,23.6,11.6,5.1,958.2,11,71
2/7/2025,22.3,10.4,4.4,959,8.3,64
2/8/2025,20.9,9.3,5.1,960.5,9.3,73
2/9/2025,22.7,9.3,4.6,959.4,10.5,74
2/10/2025,24,10.6,4.9,959.5,11.5,71
2/11/2025,25.3,12,4.9,957.9,10.5,65
2/12/2025,23.9,11.7,6.3,957.7,9.2,59
2/13/2025,21.4,9.1,5.4,957,9.8,71
2/14/2025,20.1,9.2,5.2,956.8,9.1,71
2/15/2025,22,9.9,6.5,958.1,8.7,67
2/16/2025,23.4,10.2,5.1,959.6,9.6,66
2/17/2025,23.5,11.4,5.8,961.5,10.6,68
2/18/2025,23.8,11,6.6,960.5,11.3,74
2/19/2025,24.1,10.9,4.9,960,9.8,61
2/20/2025,25.6,12.4,5.7,962,9.2,57
2/21/2025,26.1,12.2,7.3,961.5,8.7,53
2/22/2025,26.2,11.4,6.5,961.6,7.5,52
2/23/2025,24.2,11.6,5.7,963.2,8.3,57
2/24/2025,24.2,11.7,5.5,964.1,9.1,57
2/25/2025,26,12.7,5.6,965.2,8.8,56
2/26/2025,26.2,12.8,5.2,964.7,10.6,59
2/27/2025,26.5,12.8,4.9,962.2,12.3,66
2/28/2025,26.2,14.6,5.6,960.8,11.4,59
3/1/2025,27.1,13.8,7,958.2,8.7,51
3/2/2025,28.8,12.7,7.5,955.6,7.6,47
3/3/2025,27,13.2,5.7,956.5,8.9,53
3/4/2025,28.7,13.4,8.5,956.3,8.2,46
3/5/2025,24.2,12.6,6.7,955.2,10.3,62
3/6/2025,24.9,12.1,7.4,958.5,11.8,65
3/7/2025,25.3,14.5,4,956.8,11.8,62
3/8/2025,26.6,13.7,5.4,956.9,8.9,54
3/9/2025,26.4,13.9,5.2,962.3,11.1,55
3/10/2025,28.4,16.5,4.5,963,11.6,53
3/11/2025,29.4,16.8,7.5,959.4,11.9,54
3/12/2025,28.2,17.6,6.3,955.6,13.4,57
3/13/2025,27.8,15.7,7,954.9,13.1,60
3/14/2025,30.9,15.7,7.3,956.8,10.4,45
3/15/2025,32.8,16.8,7,958.4,9.4,38
3/16/2025,32.2,18.5,7.4,957.4,8.5,36
3/17/2025,31.3,15.5,8.4,957,5.5,32
3/18/2025,29.8,14.6,7.4,957.5,7.1,41
3/19/2025,30.3,15.3,6.3,960.4,8.5,42
3/20/2025,30.7,15.8,6.6,961.4,8.2,39
3/21/2025,28.4,15.1,6.4,960.6,11.4,53
3/22/2025,28.1,15,6.1,961.5,11,55
3/23/2025,28.1,15,5.3,962.2,7.7,44
3/24/2025,29.5,15.2,5.9,961.3,9.4,45
3/25/2025,31.6,15.6,7.5,956.7,9.3,41
3/26/2025,31.6,16.4,7,954.7,11.4,45
3/27/2025,32.4,20.5,7.8,952.7,13,46
3/28/2025,33.6,17.7,6.7,952.8,11.2,40
3/29/2025,31.2,16.7,5.9,954,9.9,42
3/30/2025,30.7,17.2,6,957.2,9.9,45
3/31/2025,32.2,17.9,5.5,956.9,8.6,37
4/1/2025,32.5,18.7,6.1,956.7,6.2,31
4/2/2025,32,16.6,6.2,958.4,5.3,30
4/3/2025,33,16.4,6.9,959.1,1.8,22
4/4/2025,33.4,16.3,7.8,957,1.3,22
4/5/2025,32.9,15.7,7.6,955.6,5.4,29
4/6/2025,33.3,18.2,7.9,957,8,34
4/7/2025,31,21.7,7.9,960.1,14.3,50
4/8/2025,32.4,19.3,8.4,961.6,14.7,54
4/9/2025,31.1,19,7.5,958.3,16.3,61
4/10/2025,27,18.8,3.4,955,17.9,77
4/11/2025,27.6,18.9,5.2,954.3,16.6,70
4/12/2025,30.7,18.3,6.1,955.8,14.5,58
4/13/2025,30.7,16.8,5.7,958.3,15.6,63
4/14/2025,30.1,16.8,6.8,958.6,14.1,59
4/15/2025,31,17.7,6.3,958.8,14.7,56
4/16/2025,31.4,18,4.4,956.8,15,55
4/17/2025,28.3,18.9,4.4,955.5,17.4,68
4/18/2025,28.6,19.5,7.3,955.6,18.9,74
4/19/2025,29.7,20.4,3.8,955.4,17.7,66
4/20/2025,31.7,20.7,5.2,955.1,17.3,58
4/21/2025,33.8,22.6,6.3,956.2,16.8,52
4/22/2025,35.3,21.6,6.7,954.7,14.8,44
4/23/2025,35.5,21.7,6.3,951.4,11.9,37
4/24/2025,33.2,18.7,6.8,952.2,11.5,39
4/25/2025,34.8,18.4,6.2,953,9.3,33
4/26/2025,35.1,18.6,6.5,954,11.1,39
4/27/2025,32.7,18.6,7.1,956.8,16.5,61
4/28/2025,26.9,18.3,5.2,957.4,16.8,75
4/29/2025,27.3,18.3,6.8,957.6,16.2,66
4/30/2025,28.3,18,6,958.7,15.8,65
5/1/2025,28.2,18.3,6.9,960,15.4,60
5/2/2025,29.1,18.5,3.5,958.1,16.3,63
5/3/2025,29.7,19.6,4.3,955.7,17.4,65
5/4/2025,28.4,20.5,5,955.5,18.3,73
5/5/2025,29.8,19.2,4.1,955.8,18.4,72
5/6/2025,28,19.3,3.3,955.9,18.8,76
5/7/2025,31,20.5,5.8,954.3,17.5,61
5/8/2025,32.9,21.4,7.9,954.9,16.2,52
5/9/2025,34.1,21.9,7.1,955.4,16,49
5/10/2025,34.5,22.9,7.1,954.8,16.8,51
5/11/2025,31.3,23.7,4.5,953.5,19.3,63
5/12/2025,32.5,21.5,5.7,952.4,20.6,68
5/13/2025,32.5,21.1,5.5,952.2,19.1,62
5/14/2025,32.8,23.5,4.3,953.5,19.8,62
5/15/2025,33.3,22.5,5.6,953.6,18.5,56
5/16/2025,32.7,21.5,6,953.8,20.3,67
5/17/2025,30.6,21,5,954.3,20.8,74
5/18/2025,29.5,21.3,4.5,955.1,20.8,79
5/19/2025,29.6,21.7,7.7,954.6,20.7,77
5/20/2025,29.7,21.7,4,952.8,21.2,81
5/21/2025,29.1,21,5.1,954.3,21.2,80
5/22/2025,29.3,21.2,5.8,953.7,20.9,76
5/23/2025,29.9,21.8,6.5,952.6,20.6,74
5/24/2025,29.9,22.3,5,953.9,20.6,71
5/25/2025,31.9,24,3.7,954.3,21.3,69
5/26/2025,30.4,23.1,6.3,952.6,22.1,80
5/27/2025,30.9,23.5,4.2,950.3,21.5,74
5/28/2025,30.8,23.5,5.3,948.5,22.3,74
5/29/2025,31.4,23.7,4.6,947,23,79
5/30/2025,32.1,23.6,5.6,946.2,22.4,74
5/31/2025,33.4,22.8,5.8,948,20.7,64
6/1/2025,33.2,21.9,7.1,948,20.5,67
6/2/2025,32.7,22,5.5,948.8,19,62
6/3/2025,31.9,23.5,3.6,950.9,20.2,69
6/4/2025,29.3,20.7,4.2,954.2,20.2,76
6/5/2025,29.8,22.2,4.2,956,19.5,68
6/6/2025,29.7,21.4,5,955.5,19.4,70
6/7/2025,31.2,21.7,4.3,954.5,20.1,68
6/8/2025,32.6,23.1,4.5,953.1,21.2,68
6/9/2025,34,23.6,5,951.8,22.1,67
6/10/2025,33.9,25.2,4.4,952,22.9,67
6/11/2025,33.4,25.6,4.8,952.7,23.1,70
6/12/2025,30.6,25.1,5.1,953.2,23.1,74
6/13/2025,31.3,25.3,4,952.6,23.6,76
6/14/2025,33.2,24.4,4.5,950.7,23.6,74
6/15/2025,31.1,24.4,5,950.6,23.3,79
6/16/2025,31.9,24,5.3,950.4,23.3,75
6/17/2025,32.1,24.3,4.5,950,23.8,81
6/18/2025,30.1,24.6,3.9,948.2,23.9,85
6/19/2025,28.9,24,3.8,949.2,24,89
6/20/2025,31.4,23.8,2.9,950.1,24,88
6/21/2025,31.7,24.3,6,950.3,24.1,80
6/22/2025,30.8,23.6,5.5,950,24.4,84
6/23/2025,29.5,23.9,5.5,948.1,23.8,86
6/24/2025,30,24.4,8.4,948.9,23.2,79
6/25/2025,30.8,25.2,5.4,951.8,23.4,77
6/26/2025,30.6,24.9,6.4,952.2,23.5,76
6/27/2025,31.1,24.2,5.1,951.1,23.8,79
6/28/2025,30.6,24.7,3.4,948.9,24.2,84
6/29/2025,30.2,24.8,3.1,947.7,24,85
6/30/2025,29.7,24.5,4.3,948.4,23.5,84
7/1/2025,30.8,25.1,5.2,949.2,23.5,79
7/2/2025,30.7,25,6.6,950.2,23.3,78
7/3/2025,30.1,24.4,5.3,950.4,23.9,83
7/4/2025,30.4,24.7,4.6,950.1,23.6,81
7/5/2025,29.9,24,2.9,949,24.1,85
7/6/2025,31.1,24.3,3.2,949.1,23.8,81
7/7/2025,30.3,24.1,3.2,949,23.9,82
7/8/2025,29.2,23.7,2.8,949.8,24.1,86
7/9/2025,28.5,23.5,3,951.4,23.9,89
7/10/2025,29.9,23.6,3.7,951.9,23.9,88
7/11/2025,29.9,23.9,4.5,951.3,23.6,83
7/12/2025,32.7,24.8,5.4,951.6,23.6,76
7/13/2025,32.1,24.7,4.5,952,24.5,81
7/14/2025,31.2,24.1,3.6,951.7,24.2,86
7/15/2025,29.5,23.9,4.2,950.7,23.9,86
7/16/2025,29.2,23.9,12.4,952,22.2,77
7/17/2025,31.2,23.7,8,953.8,23.2,79
7/18/2025,31.4,23.7,3.1,951.9,24.4,83
7/19/2025,33.3,25,6.8,948.5,23.7,74
7/20/2025,29.4,24.6,3.4,950.2,24.5,88
7/21/2025,31.3,24.7,3.2,950.7,24.5,84
7/22/2025,31.4,25.2,3,948.8,24.1,80
7/23/2025,32.2,25.2,3.4,946.1,24.2,77
7/24/2025,34.2,26.2,3.5,945,24.3,72
7/25/2025,30.8,25.2,5.1,946.1,24.7,82
7/26/2025,31.4,24.9,11.5,948,23.7,79
7/27/2025,31.8,25,6.7,947.5,24.4,82
7/28/2025,29.2,24.2,7.1,948.4,24.3,90
7/29/2025,30.4,24.3,6.8,949.3,23.9,84
7/30/2025,30.2,24.2,8.5,950.2,23.2,78
7/31/2025,30.1,24.3,4.3,950.1,24.1,84
8/1/2025,30.4,24.6,3,950.2,24.6,88
